{
  "par-rgbawu@10:art1": {
    "x": 90.0,
    "y": 370.0,
    "z": 7.5,
    "orientation": [
      0.765999972820282,
      0.0,
      0.0,
      0.6430000066757202
    ]
  },
  "par-rgbawu@20:art1": {
    "x": 173.0,
    "y": 370.0,
    "z": 7.5,
    "orientation": [
      0.765999972820282,
      0.0,
      0.0,
      0.6430000066757202
    ]
  },
  "par-rgbawu@30:art1": {
    "x": 276.0,
    "y": 370.0,
    "z": 7.5,
    "orientation": [
      0.765999972820282,
      0.0,
      0.0,
      0.6430000066757202
    ]
  },
  "par-rgbawu@40:art1": {
    "x": 377.0,
    "y": 370.0,
    "z": 7.5,
    "orientation": [
      0.765999972820282,
      0.0,
      0.0,
      0.6430000066757202
    ]
  },
  "par-rgbawu@50:art1": {
    "x": 95.0,
    "y": 20.0,
    "z": 7.5,
    "orientation": [
      0.6430000066757202,
      0.0,
      0.0,
      0.765999972820282
    ]
  },
  "par-rgbawu@60:art1": {
    "x": 180.0,
    "y": 20.0,
    "z": 7.5,
    "orientation": [
      0.6430000066757202,
      0.0,
      0.0,
      0.765999972820282
    ]
  },
  "par-rgbawu@70:art1": {
    "x": 272.0,
    "y": 20.0,
    "z": 7.5,
    "orientation": [
      0.6430000066757202,
      0.0,
      0.0,
      0.765999972820282
    ]
  },
  "par-rgbawu@80:art1": {
    "x": 379.0,
    "y": 20.0,
    "z": 7.5,
    "orientation": [
      0.6430000066757202,
      0.0,
      0.0,
      0.765999972820282
    ]
  },
  "motionstrip-38@90:default": {
    "x": 50.0,
    "y": 80.0,
    "z": 3.3,
    "orientation": [
      0.0,
      0.0,
      0.7070000171661377,
      0.7070000171661377
    ]
  },
  "led-par@195:default": {
    "x": 20.0,
    "y": 80.0,
    "z": 4.5,
    "orientation": [
      0.0,
      0.0,
      0.0,
      1.0
    ]
  },
  "led-par@205:default": {
    "x": 80.0,
    "y": 80.0,
    "z": 4.5,
    "orientation": [
      0.0,
      0.0,
      0.0,
      1.0
    ]
  },
  "chauvet-intimidator-160@182:default": {
    "x": 50.0,
    "y": 80.0,
    "z": 4.5,
    "orientation": [
      0.0,
      0.0,
      0.0,
      1.0
    ]
  },
  "oultia-2-beam-laser@220:default": {
    "x": 214.0,
    "y": 30.0,
    "z": 7.5,
    "orientation": [
      0.0,
      0.0,
      0.0,
      1.0
    ]
  },
  "motionstrip-38@130:default": {
    "x": 400.0,
    "y": 80.0,
    "z": 3.3,
    "orientation": [
      0.0,
      0.0,
      0.7070000171661377,
      0.7070000171661377
    ]
  },
  "led-par@230:default": {
    "x": 370.0,
    "y": 80.0,
    "z": 4.5,
    "orientation": [
      0.0,
      0.0,
      0.0,
      1.0
    ]
  },
  "led-par@238:default": {
    "x": 430.0,
    "y": 80.0,
    "z": 4.5,
    "orientation": [
      0.0,
      0.0,
      0.0,
      1.0
    ]
  },
  "chauvet-intimidator-120@170:default": {
    "x": 400.0,
    "y": 80.0,
    "z": 4.5,
    "orientation": [
      0.0,
      0.0,
      0.0,
      1.0
    ]
  },
  "sr-spot@1:art1": {
    "x": 10.0,
    "y": 200.0,
    "z": 3.5,
    "orientation": [
      0.5,
      0.0,
      0.0,
      0.8659999966621399
    ]
  },
  "sl-spot@2:art1": {
    "x": 440.0,
    "y": 200.0,
    "z": 3.5,
    "orientation": [
      0.5,
      0.0,
      0.0,
      0.8659999966621399
    ]
  }
}